CREATE DATABASE RENTADVD;
USE RENTADVD;

CREATE TABLE GENEROS(
idGenero INT,
nombreGenero VARCHAR(89),
estado TINYINT
);
ALTER TABLE GENEROS ADD PRIMARY KEY(idGenero);

CREATE TABLE REGISTROVIDEO(
idRegistro INT,
autor VARCHAR(85),
nombrePelicula VARCHAR(250),
idGeneroPelicula INT,
existencias INT,
estado TINYINT
);
ALTER TABLE REGISTROVIDEO ADD PRIMARY KEY(idRegistro);
ALTER TABLE REGISTROVIDEO ADD CONSTRAINT FK_registrovideogenero FOREIGN KEY (idGeneroPelicula) REFERENCES GENEROS (idGenero);

CREATE TABLE TARJETAIDENTIDAD(
idTarjeta INT,
dpi INT,
nombres VARCHAR(85),
apellidos VARCHAR(85),
telefono INT,
email VARCHAR(85),
domicilio VARCHAR(250),
estado TINYINT
);
ALTER TABLE TARJETAIDENTIDAD ADD PRIMARY KEY(idTarjeta);

CREATE TABLE ENCABEZADOPRESTAMO(
idEncabezadoPrestamo INT,
idTarjeta INT,
nombrePrestamo VARCHAR(150),
fechaPrestamo VARCHAR(150),
fechaDevolucion VARCHAR(150)
);
ALTER TABLE ENCABEZADOPRESTAMO ADD PRIMARY KEY(idEncabezadoPrestamo);
ALTER TABLE ENCABEZADOPRESTAMO ADD CONSTRAINT fk_encPrestTarjeta FOREIGN KEY (idTarjeta) REFERENCES TARJETAIDENTIDAD (idTarjeta);

alter table drop column 

CREATE TABLE DETALLEPRESTAMO(
idEncabezadoPrestamo INT,
idRegistro INT,
cantidad INT
);
ALTER TABLE DETALLEPRESTAMO ADD PRIMARY KEY(idEncabezadoPrestamo,idRegistro);
ALTER TABLE DETALLEPRESTAMO ADD CONSTRAINT fk_detPrestEnc FOREIGN KEY (idEncabezadoPrestamo) REFERENCES ENCABEZADOPRESTAMO (idEncabezadoPrestamo);
ALTER TABLE DETALLEPRESTAMO ADD CONSTRAINT fk_detPrestReg FOREIGN KEY (idRegistro) REFERENCES REGISTROVIDEO (idRegistro);

CREATE TABLE DEVOLUCIONES(
idDevolucion INT,
fechaDevolucion VARCHAR(45),
idEncabezadoPrestamo INT,
montoACobrar DOUBLE
);
ALTER TABLE DEVOLUCIONES ADD PRIMARY KEY(idDevolucion);
ALTER TABLE DEVOLUCIONES ADD CONSTRAINT fk_devolEncPrest FOREIGN KEY (idEncabezadoPrestamo) REFERENCES ENCABEZADOPRESTAMO (idEncabezadoPrestamo);

#SEGURIDAD-----------------------------------------------------------------------------------------
create table if not exists LOGIN(
	pk_id_login 						int(10) not null primary key auto_increment,
    usuario_login 						varchar(45),
    contraseña_login 					varchar(45),
    nombreCompleto_login				varchar(100),
    estado_login						int(2)
);
create table if not exists MODULO(
	pk_id_modulo 						int(10)not null auto_increment,
    nombre_modulo 						varchar(30)not null,
    descripcion_modulo 					varchar(50)not null,
    estado_modulo 						int(1)not null,
    primary key(pk_id_modulo),
    key(pk_id_modulo)
);
create table if not exists APLICACION(
	pk_id_aplicacion 					int(10)not null auto_increment,
    fk_id_modulo 						int(10)not null,
    nombre_aplicacion 					varchar(40)not null,
    descripcion_aplicacion 				varchar(45)not null,
    estado_aplicacion 					int(1)not null,
    primary key(pk_id_aplicacion),
    key(pk_id_aplicacion)
);
alter table APLICACION add constraint fk_aplicacion_modulo foreign key(fk_id_modulo) references MODULO(pk_id_modulo);

create table if not exists PERFIL(
	pk_id_perfil						int(10) not null primary key auto_increment,
    nombre_perfil						varchar(50),
    descripcion_perfil					varchar(100),
    estado_perfil						int(2)
);
create table if not exists PERMISO(
	pk_id_permiso						int(10) not null primary key auto_increment,
    insertar_permiso					boolean,
    modificar_permiso					boolean,
    eliminar_permiso					boolean,
    consultar_permiso					boolean,
    imprimir_permiso					boolean
);
create table if not exists APLICACION_PERFIL(
	pk_id_aplicacion_perfil				int(10) not null primary key auto_increment,
    fk_idaplicacion_aplicacion_perfil	int(10),
    fk_idperfil_aplicacion_perfil		int(10),
    fk_idpermiso_aplicacion_perfil		int(10)
);
alter table APLICACION_PERFIL add constraint fk_aplicacionperfil_aplicacion foreign key (fk_idaplicacion_aplicacion_perfil) references APLICACION(pk_id_aplicacion)on delete restrict on update cascade;
alter table APLICACION_PERFIL add constraint fk_aplicacionperfil_perfil foreign key (fk_idperfil_aplicacion_perfil) references PERFIL(pk_id_perfil)on delete restrict on update cascade;
alter table APLICACION_PERFIL add constraint fk_aplicacionperfil_permiso foreign key (fk_idpermiso_aplicacion_perfil) references PERMISO (pk_id_permiso)on delete restrict on update cascade;

create table if not exists PERFIL_USUARIO(
	pk_id_perfil_usuario				int(10) not null primary key auto_increment,
    fk_idusuario_perfil_usuario			int(10),
    fk_idperfil_perfil_usuario			int(10)
);
alter table PERFIL_USUARIO add constraint fk_perfil_usuario_login foreign key(fk_idusuario_perfil_usuario) references LOGIN(pk_id_login) on delete restrict on update cascade;
alter table PERFIL_USUARIO add constraint fk_perfil_usuario_perfil foreign key (fk_idperfil_perfil_usuario) references PERFIL(pk_id_perfil) on delete restrict on update cascade;

create table if not exists APLICACION_USUARIO(
	pk_id_aplicacion_usuario			int(10) not null primary key auto_increment,
    fk_idlogin_aplicacion_usuario		int(10),
    fk_idaplicacion_aplicacion_usuario	int(10),
    fk_idpermiso_aplicacion_usuario		int(10)
);
alter table APLICACION_USUARIO add constraint fk_aplicacionusuario_login foreign key(fk_idlogin_aplicacion_usuario) references LOGIN(pk_id_login) on delete restrict on update cascade;
alter table APLICACION_USUARIO add constraint fk_aplicacionusuario_aplicacion foreign key (fk_idaplicacion_aplicacion_usuario) references APLICACION(pk_id_aplicacion) on delete restrict on update cascade;
alter table APLICACION_USUARIO add constraint fk_aplicacionusuario_permiso foreign key(fk_idpermiso_aplicacion_usuario) references PERMISO (pk_id_permiso)on delete restrict on update cascade;

create table if not exists BITACORA(
	pk_id_bitacora						int(10) not null primary key auto_increment, #pk
    fk_idusuario_bitacora				int(10),
    fk_idaplicacion_bitacora			int(10),
    fechahora_bitacora					varchar(50),
    direccionhost_bitacora				varchar(20),
    nombrehost_bitacora					varchar(20),
    accion_bitacora						varchar(250)
);
CREATE TABLE IF NOT EXISTS DETALLE_BITACORA (
    pk_id_detalle_bitacora 				INT(10) NOT NULL PRIMARY KEY AUTO_INCREMENT,
    fk_idbitacora_detalle_bitacora 		INT(10),
    querryantigua_detalle_bitacora 		VARCHAR(50),
    querrynueva_detalle_bitacora 		VARCHAR(50)
);
alter table BITACORA add constraint fk_login_bitacora foreign key (fk_idusuario_bitacora) references LOGIN (pk_id_login) on delete restrict on update cascade;
alter table BITACORA add constraint fk_aplicacion_bitacora foreign key (fk_idaplicacion_bitacora) references APLICACION(pk_id_aplicacion) on delete restrict on update cascade;
alter table DETALLE_BITACORA add constraint fk_bitacora_detallebitacora foreign key(fk_idbitacora_detalle_bitacora) references BITACORA(pk_id_bitacora) on delete restrict on update cascade;

INSERT INTO `modulo` (`pk_id_modulo`, `nombre_modulo`, `descripcion_modulo`, `estado_modulo`) VALUES
(1, 'Seguridad', 'Aplicaciones de seguridad', 1),
(2, 'Consultas', 'Consultas Inteligentes', 1),
(3, 'Reporteador', 'Aplicaciones de Reporteador', 1),
(4, 'HRM', 'Aplicaciones de Recursos Humanos', 1),
(5, 'FRM', 'Aplicaciones de Finanzas', 1),
(6, 'SCM', 'Aplicaciones Control de Inventario', 1),
(7, 'MRP', 'Aplicaciones de Produccion', 1),
(8, 'CRM', 'Aplicaciones de Ventas', 1),
(9, 'PRUEBA', 'PRUEBA', 1),
(10, 'Gestión de Citas', 'En este modulo se pueden gestionar las citas', 1);


INSERT INTO `aplicacion` (`pk_id_aplicacion`, `fk_id_modulo`, `nombre_aplicacion`, `descripcion_aplicacion`, `estado_aplicacion`) VALUES
(1, 1, 'Login', 'Ventana de Ingreso', 1),
(2, 1, 'Mantenimiento Usuario', 'Mantenimientos de usuario', 1),
(3, 1, 'Mantenimiento Aplicacion', 'ABC de las Aplicaciones', 1),
(4, 1, 'Mantenimiento Perfil', 'ABC de perfiles', 1),
(5, 1, 'Asignacion de Aplicaciones a Perfil', 'Asignacion Aplicacion y perfil', 1),
(6, 1, 'Asignacaion de Aplicaciones', 'Asignacion especificas a un usuario', 1),
(7, 1, 'Consulta Aplicacion', 'Mantenimiento de Aplicaciones', 1),
(8, 1, 'Agregar Modulo', 'Mantenimientos de Modulos', 1),
(9, 1, 'Consultar Perfil', 'Consultas de perfiles disponibles', 1),
(10, 1, 'Permisos', 'Asignar permisos a perfiles y aplicaciones', 1),
(11, 1, 'Bitacora', 'Guarda todos los movimientos', 1),
(12, 10, 'Encabezadoprestamo', 'Gestionar Citas', 1),
(1302, 5, 'detalleprestamo', 'Tipo de casos', 1),
(1303, 5, 'registrovideo', 'Tipo Pasaporte', 1),
(1304, 5, 'genero', 'Tipo Tramite', 1),
(1305, 5, 'devoluciones', 'Centro', 1),
(1306, 5, 'tarjetaidentidad', 'PROPIETARIO', 1),
(1307, 5, 'TRANSACCIONES', 'TRANSACCIONES', 1),
(1308, 5, 'DISPONIBILIDAD DIARIA', 'REPORTE DE DISPONIBILIDAD DIARIA', 1),
(1309, 5, 'PETICION POLIZA', 'PETICION POLIZA', 1),
(1310, 5, 'CUENTAS CONTABLES', 'AGREGAR CUENTAS CONTABLES', 1),
(1311, 5, 'POLIZAS', 'POLIZAS', 1),
(1312, 5, 'LIBRO DIARIO', 'LIBRO DIARIO', 1);

INSERT INTO `perfil` (`pk_id_perfil`, `nombre_perfil`, `descripcion_perfil`, `estado_perfil`) VALUES
(1, 'Admin', 'Administracion del programa', 1),
(2, 'Sistema', 'Administrador del sistema', 1),
(3, 'Digitador', 'Digitador para Cuentas', 1),
(4, 'Consultor', 'Unicamente consultas ', 1),
(5, 'Reportes', 'Ingreso y consultas de reportes', 1),
(6, 'Pruebas', 'pruebas', 1);

INSERT INTO `login` (`pk_id_login`, `usuario_login`, `contraseña_login`, `nombreCompleto_login`, `estado_login`) VALUES
(1, 'sistema', 'bi0PL96rbxVRPKJQsLJJAg==', 'Usuario de prueba', 1),
(2, 'bjsican', '0FOYy5u5h0djKjzCYqfvkg==', 'Billy Sican', 1),
(3, 'bmaza', 'xTfsC3/XR/CVyDvNr1Fs+g==', 'Bryan Mazariegos', 1),
(4, 'jsican', 'jsican', 'Jeshua Sican', 0),
(5, 'jmorataya', '123', 'Julio Morataya', 0),
(6, 'OROSERGIO', 'LwUsihMe9Bl//D/5WaIzLA==', 'JOSE LOPEZ', 1),
(7, 'cliente', '21LRuDS2GcjNgOcK8q54Aw==', 'Usuario para clientes', 1);


INSERT INTO `perfil_usuario` (`pk_id_perfil_usuario`, `fk_idusuario_perfil_usuario`, `fk_idperfil_perfil_usuario`) VALUES
(2, 3, 3),
(4, 4, 1),
(5, 5, 5),
(6, 1, 1);


INSERT INTO `permiso` (`pk_id_permiso`, `insertar_permiso`, `modificar_permiso`, `eliminar_permiso`, `consultar_permiso`, `imprimir_permiso`) VALUES
(1, 1, 1, 1, 1, 1),
(2, 1, 0, 0, 1, 1),
(3, 1, 1, 1, 0, 0),
(4, 1, 1, 1, 1, 1),
(5, 1, 1, 1, 1, 1),
(6, 1, 1, 1, 1, 1),
(7, 1, 1, 1, 1, 1),
(8, 1, 0, 1, 0, 0),
(9, 1, 1, 0, 0, 0),
(10, 1, 1, 0, 0, 0),
(11, 1, 1, 1, 1, 1),
(12, 0, 0, 0, 1, 0),
(13, 0, 0, 0, 1, 0),
(14, 0, 0, 0, 0, 0),
(15, 1, 0, 0, 1, 0),
(16, 0, 0, 0, 0, 0),
(17, 1, 1, 0, 0, 0),
(18, 0, 0, 0, 0, 0),
(19, 0, 0, 0, 0, 0),
(20, 0, 0, 0, 0, 0),
(21, 0, 0, 0, 0, 0),
(22, 0, 0, 0, 0, 0),
(23, 0, 0, 0, 0, 0),
(24, 0, 0, 0, 0, 0),
(25, 0, 0, 0, 0, 0);




INSERT INTO `aplicacion_usuario` (`pk_id_aplicacion_usuario`, `fk_idlogin_aplicacion_usuario`, `fk_idaplicacion_aplicacion_usuario`, `fk_idpermiso_aplicacion_usuario`) VALUES
(1, 1, 4, 1),
(2, 1, 5, 2),
(3, 1, 6, 3),
(4, 3, 8, 10),
(5, 4, 6, 14),
(6, 5, 5, 16),
(7, 5, 2, 17),
(8, 6, 2, 1),
(9, 6, 3, 1),
(10, 6, 4, 1),
(11, 6, 6, 1),
(12, 6, 8, 1),
(13, 6, 1302, 1),
(14, 6, 1303, 1),
(15, 6, 1304, 1),
(16, 6, 1305, 1),
(17, 6, 1306, 1),
(18, 6, 12, 1),
(19, 7, 12, 19);



INSERT INTO `aplicacion_perfil` (`pk_id_aplicacion_perfil`, `fk_idaplicacion_aplicacion_perfil`, `fk_idperfil_aplicacion_perfil`, `fk_idpermiso_aplicacion_perfil`) VALUES
(1, 1, 1, 1),
(2, 4, 1, 2),
(3, 5, 1, 3),
(4, 2, 1, 4),
(5, 3, 1, 5),
(6, 6, 1, 6),
(7, 8, 1, 7),
(8, 2, 3, 8),
(9, 3, 3, 9),
(10, 4, 3, 11),
(11, 2, 4, 12),
(12, 8, 4, 13),
(13, 8, 5, 15);



